metric,value
dcor_raw,0.894679046219774
dcor_partial_residual,0.06734277814622401
partial_distance_correlation,0.08912504523945644